{
	"credit": "Made with Blockbench",
	"textures": {
		"0": "melee/butter_knife",
		"particle": "melee/butter_knife"
	},
	"elements": [
		{
			"from": [0, 0, 0],
			"to": [1, 10, 1],
			"faces": {
				"north": {"uv": [0, 0, 1, 10], "texture": "#0"},
				"east": {"uv": [0, 0, 1, 10], "texture": "#0"},
				"south": {"uv": [0, 0, 1, 10], "texture": "#0"},
				"west": {"uv": [0, 0, 1, 10], "texture": "#0"},
				"up": {"uv": [0, 0, 1, 1], "texture": "#0"},
				"down": {"uv": [0, 0, 1, 1], "texture": "#0"}
			}
		},
		{
			"from": [0, 4, -1],
			"to": [1, 9, 0],
			"faces": {
				"north": {"uv": [0, 0, 1, 5], "texture": "#0"},
				"east": {"uv": [0, 0, 1, 5], "texture": "#0"},
				"south": {"uv": [0, 0, 1, 5], "texture": "#0"},
				"west": {"uv": [0, 0, 1, 5], "texture": "#0"},
				"up": {"uv": [1, 1, 0, 0], "texture": "#0"},
				"down": {"uv": [1, 0, 0, 1], "texture": "#0"}
			}
		}
	],
	"display": {
		"thirdperson_righthand": {
			"translation": [7.5, 4.25, 8.25]
		},
		"thirdperson_lefthand": {
			"translation": [-7.25, 4.75, 9.25]
		},
		"firstperson_righthand": {
			"rotation": [-12, -2, 0],
			"translation": [14, 6, 5.5]
		},
		"firstperson_lefthand": {
			"rotation": [-12, -2, 0],
			"translation": [0, 4.5, 4]
		},
		"ground": {
			"rotation": [0, 0, 90],
			"translation": [-2.5, 4, 7.75]
		},
		"gui": {
			"rotation": [43, 43, 0],
			"translation": [10.75, 1.5, 0]
		},
		"fixed": {
			"rotation": [0, -90, 0],
			"translation": [-7, 2.75, 7.25]
		}
	}
}