{
	"credit": "Made with Blockbench",
	"textures": {
		"0": "melee/garden_rake",
		"1": "melee/planks",
		"particle": "melee/garden_rake"
	},
	"elements": [
		{
			"from": [0, 0, 0],
			"to": [1.25, 16, 1.25],
			"faces": {
				"north": {"uv": [0, 0, 1, 16], "texture": "#1"},
				"east": {"uv": [0, 0, 1, 16], "texture": "#1"},
				"south": {"uv": [0, 0, 1, 16], "texture": "#1"},
				"west": {"uv": [0, 0, 1, 16], "texture": "#1"},
				"up": {"uv": [0, 0, 1.25, 1.25], "texture": "#1"},
				"down": {"uv": [0, 0, 1, 1], "texture": "#1"}
			}
		},
		{
			"from": [0, 16, 0],
			"to": [1.25, 23, 1.25],
			"faces": {
				"north": {"uv": [0, 2, 1, 9], "texture": "#1"},
				"east": {"uv": [0, 2, 1, 9], "texture": "#1"},
				"south": {"uv": [0, 2, 1, 9], "texture": "#1"},
				"west": {"uv": [0, 2, 1, 9], "texture": "#1"},
				"up": {"uv": [0, 0, 1, 1], "texture": "#1"},
				"down": {"uv": [0, 0, 1, 1.25], "texture": "#1"}
			}
		},
		{
			"from": [-3.9, 22, -1],
			"to": [5.1, 23, 0],
			"faces": {
				"north": {"uv": [0, 0, 9, 1], "texture": "#0"},
				"east": {"uv": [0, 0, 1, 1], "texture": "#0"},
				"south": {"uv": [0, 0, 9, 1], "texture": "#0"},
				"west": {"uv": [0, 0, 1, 1], "texture": "#0"},
				"up": {"uv": [0, 0, 9, 1], "texture": "#0"},
				"down": {"uv": [0, 0, 9, 1], "texture": "#0"}
			}
		},
		{
			"from": [3.85, 22, -2],
			"to": [4.85, 23, -1],
			"faces": {
				"north": {"uv": [0, 0, 1, 1], "texture": "#0"},
				"east": {"uv": [0, 0, 1, 1], "texture": "#0"},
				"south": {"uv": [0, 0, 1, 1], "texture": "#0"},
				"west": {"uv": [0, 0, 1, 1], "texture": "#0"},
				"up": {"uv": [0, 0, 1, 1], "texture": "#0"},
				"down": {"uv": [0, 0, 1, 1], "texture": "#0"}
			}
		},
		{
			"from": [-3.65, 22, -2],
			"to": [-2.65, 23, -1],
			"faces": {
				"north": {"uv": [0, 0, 1, 1], "texture": "#0"},
				"east": {"uv": [0, 0, 1, 1], "texture": "#0"},
				"south": {"uv": [0, 0, 1, 1], "texture": "#0"},
				"west": {"uv": [0, 0, 1, 1], "texture": "#0"},
				"up": {"uv": [0, 0, 1, 1], "texture": "#0"},
				"down": {"uv": [0, 0, 1, 1], "texture": "#0"}
			}
		},
		{
			"from": [-1.65, 22, -2],
			"to": [-0.65, 23, -1],
			"faces": {
				"north": {"uv": [0, 0, 1, 1], "texture": "#0"},
				"east": {"uv": [0, 0, 1, 1], "texture": "#0"},
				"south": {"uv": [0, 0, 1, 1], "texture": "#0"},
				"west": {"uv": [0, 0, 1, 1], "texture": "#0"},
				"up": {"uv": [0, 0, 1, 1], "texture": "#0"},
				"down": {"uv": [0, 0, 1, 1], "texture": "#0"}
			}
		},
		{
			"from": [0.35, 22, -2],
			"to": [1.35, 23, -1],
			"faces": {
				"north": {"uv": [0, 0, 1, 1], "texture": "#0"},
				"east": {"uv": [0, 0, 1, 1], "texture": "#0"},
				"south": {"uv": [0, 0, 1, 1], "texture": "#0"},
				"west": {"uv": [0, 0, 1, 1], "texture": "#0"},
				"up": {"uv": [0, 0, 1, 1], "texture": "#0"},
				"down": {"uv": [0, 0, 1, 1], "texture": "#0"}
			}
		},
		{
			"from": [2.1, 22, -2],
			"to": [3.1, 23, -1],
			"faces": {
				"north": {"uv": [0, 0, 1, 1], "texture": "#0"},
				"east": {"uv": [0, 0, 1, 1], "texture": "#0"},
				"south": {"uv": [0, 0, 1, 1], "texture": "#0"},
				"west": {"uv": [0, 0, 1, 1], "texture": "#0"},
				"up": {"uv": [0, 0, 1, 1], "texture": "#0"},
				"down": {"uv": [0, 0, 1, 1], "texture": "#0"}
			}
		},
		{
			"from": [-0.15, 19.25, -0.05],
			"to": [1.35, 23.05, 1.4],
			"faces": {
				"north": {"uv": [0, 0, 1.5, 3.8], "texture": "#0"},
				"east": {"uv": [0, 0, 1.45, 3.8], "texture": "#0"},
				"south": {"uv": [0, 0, 1.5, 3.8], "texture": "#0"},
				"west": {"uv": [0, 0, 1.45, 3.8], "texture": "#0"},
				"up": {"uv": [0, 0, 1.5, 1.45], "texture": "#0"},
				"down": {"uv": [0, 0, 1.5, 1.45], "texture": "#0"}
			}
		}
	],
	"display": {
		"thirdperson_righthand": {
			"translation": [7, 3.25, 8.5]
		},
		"thirdperson_lefthand": {
			"translation": [-7.5, 3.25, 8.75]
		},
		"firstperson_righthand": {
			"rotation": [-7, -2, 0],
			"translation": [12, 3, 6.75]
		},
		"firstperson_lefthand": {
			"rotation": [-5, -2, 0],
			"translation": [0.25, 1.25, 4]
		},
		"ground": {
			"rotation": [0, 0, 90],
			"translation": [4.25, 4.5, 6.75]
		},
		"gui": {
			"rotation": [10, 45, 39],
			"translation": [10.75, 1, 0]
		},
		"fixed": {
			"rotation": [0, -90, 0],
			"translation": [-6.75, -1.25, 7.25]
		}
	}
}