{
	"credit": "Made with Blockbench",
	"textures": {
		"1": "melee/planks",
		"2": "melee/sledgehammer",
		"particle": "melee/sledgehammer"
	},
	"elements": [
		{
			"from": [0, 0, 0],
			"to": [1.25, 16, 1.25],
			"faces": {
				"north": {"uv": [0, 0, 1, 16], "texture": "#1"},
				"east": {"uv": [0, 0, 1, 16], "texture": "#1"},
				"south": {"uv": [0, 0, 1, 16], "texture": "#1"},
				"west": {"uv": [0, 0, 1, 16], "texture": "#1"},
				"up": {"uv": [0, 0, 1.25, 1.25], "texture": "#1"},
				"down": {"uv": [0, 0, 1, 1], "texture": "#1"}
			}
		},
		{
			"from": [-0.35, 13, -1.8],
			"to": [1.65, 15, 3.2],
			"faces": {
				"north": {"uv": [0, 0, 2, 2], "texture": "#2"},
				"east": {"uv": [0, 0, 7, 2], "texture": "#2"},
				"south": {"uv": [5, 0, 7, 2], "texture": "#2"},
				"west": {"uv": [0, 0, 7, 2], "texture": "#2"},
				"up": {"uv": [0, 0, 2, 7], "texture": "#2"},
				"down": {"uv": [0, 0, 2, 7], "texture": "#2"}
			}
		}
	],
	"display": {
		"thirdperson_righthand": {
			"translation": [7, 3.25, 8.5]
		},
		"thirdperson_lefthand": {
			"translation": [-7.5, 3.25, 8.75]
		},
		"firstperson_righthand": {
			"rotation": [-7, -2, 0],
			"translation": [12, 3, 6.75]
		},
		"firstperson_lefthand": {
			"rotation": [-5, -2, 0],
			"translation": [0.25, 1.25, 4]
		},
		"ground": {
			"rotation": [0, 0, 90],
			"translation": [0.5, 4.5, 6.75]
		},
		"gui": {
			"rotation": [10, 45, 39],
			"translation": [9.75, 3.75, 0]
		},
		"fixed": {
			"rotation": [0, -90, 0],
			"translation": [-6.75, -1.25, 7.25]
		}
	}
}