{
 "parent": "item/handheld_rod",
 "textures": {
  "layer0": "item/carrot_on_a_stick"
 },

 "overrides": [
  { "predicate": {"custom_model_data": 889001}, "model": "item/gun/standard/pistol"},
  { "predicate": {"custom_model_data": 889002}, "model": "item/gun/standard/pistol_zoom"},
  { "predicate": {"custom_model_data": 889003}, "model": "item/gun/standard/assault_rifle"},
  { "predicate": {"custom_model_data": 889004}, "model": "item/gun/standard/assault_rifle_zoom"},
  { "predicate": {"custom_model_data": 889005}, "model": "item/gun/standard/sniper_rifle"},
  { "predicate": {"custom_model_data": 889006}, "model": "item/gun/standard/sniper_rifle_zoom"},
  { "predicate": {"custom_model_data": 889007}, "model": "item/gun/standard/shotgun"},
  { "predicate": {"custom_model_data": 889008}, "model": "item/gun/standard/shotgun_zoom"},
  { "predicate": {"custom_model_data": 889009}, "model": "item/gun/standard/bazooka"},
  { "predicate": {"custom_model_data": 889010}, "model": "item/gun/standard/bazooka_zoom"},
  { "predicate": {"custom_model_data": 889011}, "model": "item/gun/thrower/flame_thrower"},
  { "predicate": {"custom_model_data": 889012}, "model": "item/gun/thrower/flame_thrower_zoom"},

  { "predicate": {"custom_model_data": 889013}, "model": "item/gun/ray/ray_gun_green"},
  { "predicate": {"custom_model_data": 889014}, "model": "item/gun/ray/ray_gun_green_zoom"},
  { "predicate": {"custom_model_data": 889015}, "model": "item/gun/ray/ray_gun_blue"},
  { "predicate": {"custom_model_data": 889016}, "model": "item/gun/ray/ray_gun_blue_zoom"},
  { "predicate": {"custom_model_data": 889017}, "model": "item/gun/ray/ray_gun_pink"},
  { "predicate": {"custom_model_data": 889018}, "model": "item/gun/ray/ray_gun_pink_zoom"},
  { "predicate": {"custom_model_data": 889019}, "model": "item/gun/ray/ray_gun_red"},
  { "predicate": {"custom_model_data": 889020}, "model": "item/gun/ray/ray_gun_red_zoom"},

  { "predicate": {"custom_model_data": 889021}, "model": "item/gun/laser/laser_pistol"},
  { "predicate": {"custom_model_data": 889022}, "model": "item/gun/laser/laser_pistol_zoom"},
  { "predicate": {"custom_model_data": 889023}, "model": "item/gun/laser/laser_rifle"},
  { "predicate": {"custom_model_data": 889024}, "model": "item/gun/laser/laser_rifle_zoom"},
  { "predicate": {"custom_model_data": 889025}, "model": "item/gun/laser/assault_laser_rifle"},
  { "predicate": {"custom_model_data": 889026}, "model": "item/gun/laser/assault_laser_rifle_zoom"},
  { "predicate": {"custom_model_data": 889027}, "model": "item/gun/laser/laser_cannon"},
  { "predicate": {"custom_model_data": 889028}, "model": "item/gun/laser/laser_cannon_zoom"},
  
  { "predicate": {"custom_model_data": 889029}, "model": "item/medicine/bandage"},
  { "predicate": {"custom_model_data": 889030}, "model": "item/medicine/adv_bandage"},
  { "predicate": {"custom_model_data": 889031}, "model": "item/medicine/medkit"},
  { "predicate": {"custom_model_data": 889032}, "model": "item/medicine/regeneration"},
  { "predicate": {"custom_model_data": 889033}, "model": "item/medicine/absorption"},
  { "predicate": {"custom_model_data": 889034}, "model": "item/medicine/swiftness"},
  { "predicate": {"custom_model_data": 889035}, "model": "item/medicine/resistance"},
  { "predicate": {"custom_model_data": 889036}, "model": "item/medicine/health_boost"},
  { "predicate": {"custom_model_data": 889037}, "model": "item/medicine/minor_cure"},

  { "predicate": {"custom_model_data": 889038}, "model": "item/equipment/laser_shield"},
  { "predicate": {"custom_model_data": 889039}, "model": "item/equipment/c4_remote"},
  { "predicate": {"custom_model_data": 889041}, "model": "item/gun/standard/minigun"},
  { "predicate": {"custom_model_data": 889042}, "model": "item/gun/standard/minigun_zoom"}
 ]
}
