{
	"credit": "Made with Blockbench",
	"textures": {
		"1_0": "book/steve"
	},
	"elements": [
		{
			"name": "Head",
			"from": [3.84776, 23.55768, -6.39411],
			"to": [11.84776, 31.55768, 1.60589],
			"rotation": {"angle": -45, "axis": "x", "origin": [7.84776, 26.98463, 8]},
			"faces": {
				"north": {"uv": [2, 2, 4, 4], "texture": "#1_0"},
				"east": {"uv": [0, 2, 2, 4], "texture": "#1_0"},
				"south": {"uv": [6, 2, 8, 4], "texture": "#1_0"},
				"west": {"uv": [4, 2, 6, 4], "texture": "#1_0"},
				"up": {"uv": [4, 2, 2, 0], "texture": "#1_0"},
				"down": {"uv": [6, 0, 4, 2], "texture": "#1_0"}
			}
		},
		{
			"name": "Hat Layer",
			"from": [3.34776, 22.85768, -6.89411],
			"to": [12.34776, 31.85768, 2.10589],
			"rotation": {"angle": -45, "axis": "x", "origin": [7.84776, 26.98463, 8]},
			"faces": {
				"north": {"uv": [10, 2, 12, 4], "texture": "#1_0"},
				"east": {"uv": [8, 2, 10, 4], "texture": "#1_0"},
				"south": {"uv": [14, 2, 16, 4], "texture": "#1_0"},
				"west": {"uv": [12, 2, 14, 4], "texture": "#1_0"},
				"up": {"uv": [12, 2, 10, 0], "texture": "#1_0"},
				"down": {"uv": [14, 0, 12, 2], "texture": "#1_0"}
			}
		},
		{
			"name": "Body",
			"from": [4, 7.30407, 1.27136],
			"to": [12, 19.30407, 5.27136],
			"rotation": {"angle": -22.5, "axis": "x", "origin": [8, 18, 8]},
			"faces": {
				"north": {"uv": [5, 5, 7, 8], "texture": "#1_0"},
				"east": {"uv": [4, 5, 5, 8], "texture": "#1_0"},
				"south": {"uv": [8, 5, 10, 8], "texture": "#1_0"},
				"west": {"uv": [7, 5, 8, 8], "texture": "#1_0"},
				"up": {"uv": [7, 5, 5, 4], "texture": "#1_0"},
				"down": {"uv": [9, 4, 7, 5], "texture": "#1_0"}
			}
		},
		{
			"name": "Right Arm",
			"from": [11.75, 4.92797, 3.92313],
			"to": [15.75, 16.92797, 7.92313],
			"rotation": {"angle": -22.5, "axis": "x", "origin": [8.19622, 10.79226, 2.32282]},
			"faces": {
				"north": {"uv": [11, 5, 12, 8], "texture": "#1_0"},
				"east": {"uv": [10, 5, 11, 8], "texture": "#1_0"},
				"south": {"uv": [13, 5, 14, 8], "texture": "#1_0"},
				"west": {"uv": [12, 5, 13, 8], "texture": "#1_0"},
				"up": {"uv": [12, 5, 11, 4], "texture": "#1_0"},
				"down": {"uv": [13, 4, 12, 5], "texture": "#1_0"}
			}
		},
		{
			"name": "Left Arm",
			"from": [0.64243, 4.35123, 3.85744],
			"to": [4.64243, 16.35123, 7.85744],
			"rotation": {"angle": -22.5, "axis": "x", "origin": [8.19622, 10.79226, 2.32282]},
			"faces": {
				"north": {"uv": [9, 13, 10, 16], "texture": "#1_0"},
				"east": {"uv": [8, 13, 9, 16], "texture": "#1_0"},
				"south": {"uv": [11, 13, 12, 16], "texture": "#1_0"},
				"west": {"uv": [10, 13, 11, 16], "texture": "#1_0"},
				"up": {"uv": [10, 13, 9, 12], "texture": "#1_0"},
				"down": {"uv": [11, 12, 10, 13], "texture": "#1_0"}
			}
		},
		{
			"name": "Right Leg",
			"from": [7.9, -5, 5.6],
			"to": [11.9, 7, 9.6],
			"rotation": {"angle": 0, "axis": "z", "origin": [9.9, 6, 22]},
			"faces": {
				"north": {"uv": [1, 5, 2, 8], "texture": "#1_0"},
				"east": {"uv": [0, 5, 1, 8], "texture": "#1_0"},
				"south": {"uv": [3, 5, 4, 8], "texture": "#1_0"},
				"west": {"uv": [2, 5, 3, 8], "texture": "#1_0"},
				"up": {"uv": [2, 5, 1, 4], "texture": "#1_0"},
				"down": {"uv": [3, 4, 2, 5], "texture": "#1_0"}
			}
		},
		{
			"name": "Left Leg",
			"from": [4.1, -5, 5.4],
			"to": [8.1, 7, 9.4],
			"rotation": {"angle": 0, "axis": "y", "origin": [8, 0, 8]},
			"faces": {
				"north": {"uv": [5, 13, 6, 16], "texture": "#1_0"},
				"east": {"uv": [4, 13, 5, 16], "texture": "#1_0"},
				"south": {"uv": [7, 13, 8, 16], "texture": "#1_0"},
				"west": {"uv": [6, 13, 7, 16], "texture": "#1_0"},
				"up": {"uv": [6, 13, 5, 12], "texture": "#1_0"},
				"down": {"uv": [7, 12, 6, 13], "texture": "#1_0"}
			}
		}
	],
	"display": {
		"thirdperson_righthand": {
			"translation": [0, 1, 0.5],
			"scale": [0.5, 0.5, 0.5]
		},
		"thirdperson_lefthand": {
			"translation": [-12.25, 1, 0.5],
			"scale": [0.5, 0.5, 0.5]
		},
		"firstperson_righthand": {
			"translation": [-0.5, 4.25, 2]
		},
		"firstperson_lefthand": {
			"translation": [0, -80, 0]
		},
		"ground": {
			"rotation": [0, 0, 90],
			"translation": [-1.5, -3, 1.25],
			"scale": [0.5, 0.5, 0.5]
		},
		"gui": {
			"rotation": [26, 47, 0],
			"translation": [1.25, 2.25, 0]
		},
		"head": {
			"translation": [0, -23.5, -3.5],
			"scale": [1.5, 1.5, 1.5]
		},
		"fixed": {
			"rotation": [0, -90, 0],
			"translation": [-1.75, 2.75, 0]
		}
	},
	"groups": [
		{
			"name": "model",
			"origin": [8, 8, 8],
			"color": 0,
			"children": [
				{
					"name": "Head",
					"origin": [0, 24, 0],
					"rotation": [8, -35, 0],
					"color": 0,
					"children": [0, 1]
				},
				{
					"name": "Body",
					"origin": [0, 24, 0],
					"rotation": [-2, 0, 0],
					"color": 0,
					"children": [2]
				},
				{
					"name": "RightArm",
					"origin": [4, 23, -1],
					"rotation": [97, -17, -2],
					"color": 0,
					"children": [3]
				},
				{
					"name": "LeftArm",
					"origin": [-5, 22, 0],
					"rotation": [104, -44, -10],
					"color": 0,
					"children": [4]
				},
				{
					"name": "RightLeg",
					"origin": [1.9, 13, -2],
					"rotation": [2.5, 0, 0],
					"color": 0,
					"children": [5]
				},
				{
					"name": "LeftLeg",
					"origin": [-1.9, 12, 0],
					"rotation": [-28, 0, 0],
					"color": 0,
					"children": [6]
				}
			]
		}
	]
}