{
	"credit": "Made with Blockbench",
	"texture_size": [64, 64],
	"textures": {
		"0": "book/ari"
	},
	"elements": [
		{
			"name": "Head",
			"from": [4, 20.29713, 6.198],
			"to": [12, 28.29713, 14.198],
			"rotation": {"angle": -45, "axis": "x", "origin": [8, 13.84619, 7.07538]},
			"faces": {
				"north": {"uv": [2, 2, 4, 4], "texture": "#0"},
				"east": {"uv": [0, 2, 2, 4], "texture": "#0"},
				"south": {"uv": [6, 2, 8, 4], "texture": "#0"},
				"west": {"uv": [4, 2, 6, 4], "texture": "#0"},
				"up": {"uv": [4, 2, 2, 0], "texture": "#0"},
				"down": {"uv": [6, 0, 4, 2], "texture": "#0"}
			}
		},
		{
			"name": "Hat Layer",
			"from": [3.5, 19.79713, 5.698],
			"to": [12.5, 28.79713, 14.698],
			"rotation": {"angle": -45, "axis": "x", "origin": [8, 13.84619, 7.07538]},
			"faces": {
				"north": {"uv": [10, 2, 12, 4], "texture": "#0"},
				"east": {"uv": [8, 2, 10, 4], "texture": "#0"},
				"south": {"uv": [14, 2, 16, 4], "texture": "#0"},
				"west": {"uv": [12, 2, 14, 4], "texture": "#0"},
				"up": {"uv": [12, 2, 10, 0], "texture": "#0"},
				"down": {"uv": [14, 0, 12, 2], "texture": "#0"}
			}
		},
		{
			"name": "Body",
			"from": [4, 9, 6],
			"to": [12, 21, 10],
			"rotation": {"angle": -22.5, "axis": "x", "origin": [8, 13.84619, 7.07538]},
			"faces": {
				"north": {"uv": [5, 5, 7, 8], "texture": "#0"},
				"east": {"uv": [4, 5, 5, 8], "texture": "#0"},
				"south": {"uv": [8, 5, 10, 8], "texture": "#0"},
				"west": {"uv": [7, 5, 8, 8], "texture": "#0"},
				"up": {"uv": [7, 5, 5, 4], "texture": "#0"},
				"down": {"uv": [9, 4, 7, 5], "texture": "#0"}
			}
		},
		{
			"name": "Body Layer",
			"from": [3.75, 8.75, 5.75],
			"to": [12.25, 21.25, 10.25],
			"rotation": {"angle": -22.5, "axis": "x", "origin": [8, 13.84619, 7.07538]},
			"faces": {
				"north": {"uv": [5, 9, 7, 12], "texture": "#0"},
				"east": {"uv": [4, 9, 5, 12], "texture": "#0"},
				"south": {"uv": [8, 9, 10, 12], "texture": "#0"},
				"west": {"uv": [7, 9, 8, 12], "texture": "#0"},
				"up": {"uv": [7, 9, 5, 8], "texture": "#0"},
				"down": {"uv": [9, 8, 7, 9], "texture": "#0"}
			}
		},
		{
			"name": "Right Arm",
			"from": [12, 15.97255, -2.04305],
			"to": [15, 19.97255, 9.95695],
			"rotation": {"angle": -45, "axis": "x", "origin": [8, 13.84619, 7.07538]},
			"faces": {
				"north": {"uv": [12.75, 4, 12, 5], "rotation": 180, "texture": "#0"},
				"east": {"uv": [10, 5, 11, 8], "rotation": 270, "texture": "#0"},
				"south": {"uv": [11.75, 5, 11, 4], "texture": "#0"},
				"west": {"uv": [11.75, 5, 12.75, 8], "rotation": 90, "texture": "#0"},
				"up": {"uv": [11, 5, 11.75, 8], "rotation": 180, "texture": "#0"},
				"down": {"uv": [12.75, 5, 13.5, 8], "texture": "#0"}
			}
		},
		{
			"name": "Right Arm Layer",
			"from": [11.75, 15.72255, -2.29305],
			"to": [15.25, 20.22255, 10.20695],
			"rotation": {"angle": -45, "axis": "x", "origin": [8, 13.84619, 7.07538]},
			"faces": {
				"north": {"uv": [13.25, 8, 12.5, 9], "rotation": 180, "texture": "#0"},
				"east": {"uv": [10, 9, 11, 12], "rotation": 270, "texture": "#0"},
				"south": {"uv": [12.5, 9, 11.75, 8], "texture": "#0"},
				"west": {"uv": [11.75, 9, 12.75, 12], "rotation": 90, "texture": "#0"},
				"up": {"uv": [11, 9, 11.75, 12], "rotation": 180, "texture": "#0"},
				"down": {"uv": [12.75, 9, 13.5, 12], "texture": "#0"}
			}
		},
		{
			"name": "Left Arm",
			"from": [1, 17.68022, 5.90229],
			"to": [4, 21.68022, 17.90229],
			"rotation": {"angle": -22.5, "axis": "x", "origin": [2.5, 16.68022, 8.90229]},
			"faces": {
				"north": {"uv": [9.75, 13, 9, 12], "rotation": 180, "texture": "#0"},
				"east": {"uv": [8, 13, 9, 16], "rotation": 90, "texture": "#0"},
				"south": {"uv": [10.75, 12, 10, 13], "texture": "#0"},
				"west": {"uv": [9.75, 13, 10.75, 16], "rotation": 270, "texture": "#0"},
				"up": {"uv": [10.75, 13, 11.5, 16], "texture": "#0"},
				"down": {"uv": [9, 13, 9.75, 16], "rotation": 180, "texture": "#0"}
			}
		},
		{
			"name": "Left Arm Layer",
			"from": [0.75, 17.43022, 5.65229],
			"to": [4.25, 21.93022, 18.15229],
			"rotation": {"angle": -22.5, "axis": "x", "origin": [2.5, 16.68022, 8.90229]},
			"faces": {
				"north": {"uv": [13.75, 13, 13, 12], "rotation": 180, "texture": "#0"},
				"east": {"uv": [12, 13, 13, 16], "rotation": 90, "texture": "#0"},
				"south": {"uv": [14.5, 12, 13.75, 13], "texture": "#0"},
				"west": {"uv": [13.75, 13, 14.75, 16], "rotation": 270, "texture": "#0"},
				"up": {"uv": [14.75, 13, 15.5, 16], "texture": "#0"},
				"down": {"uv": [13, 13, 13.75, 16], "rotation": 180, "texture": "#0"}
			}
		},
		{
			"name": "Right Leg",
			"from": [7.9, 8.83058, 10.3986],
			"to": [11.9, 12.83058, 22.3986],
			"rotation": {"angle": 22.5, "axis": "x", "origin": [8, 13.84619, 7.07538]},
			"faces": {
				"north": {"uv": [2, 5, 1, 4], "rotation": 180, "texture": "#0"},
				"east": {"uv": [0, 5, 1, 8], "rotation": 90, "texture": "#0"},
				"south": {"uv": [3, 4, 2, 5], "texture": "#0"},
				"west": {"uv": [2, 5, 3, 8], "rotation": 270, "texture": "#0"},
				"up": {"uv": [3, 5, 4, 8], "texture": "#0"},
				"down": {"uv": [1, 5, 2, 8], "rotation": 180, "texture": "#0"}
			}
		},
		{
			"name": "Right Leg Layer",
			"from": [7.65, 8.58058, 10.1486],
			"to": [12.15, 13.08058, 22.6486],
			"rotation": {"angle": 22.5, "axis": "x", "origin": [8, 13.84619, 7.07538]},
			"faces": {
				"north": {"uv": [2, 9, 1, 8], "rotation": 180, "texture": "#0"},
				"east": {"uv": [0, 9, 1, 12], "rotation": 90, "texture": "#0"},
				"south": {"uv": [3, 8, 2, 9], "texture": "#0"},
				"west": {"uv": [2, 9, 3, 12], "rotation": 270, "texture": "#0"},
				"up": {"uv": [3, 9, 4, 12], "texture": "#0"},
				"down": {"uv": [1, 9, 2, 12], "rotation": 180, "texture": "#0"}
			}
		},
		{
			"name": "Left Leg",
			"from": [4.1, -3.29986, 3.63091],
			"to": [8.1, 8.70014, 7.63091],
			"rotation": {"angle": -45, "axis": "x", "origin": [8, 13.84619, 7.07538]},
			"faces": {
				"north": {"uv": [5, 13, 6, 16], "texture": "#0"},
				"east": {"uv": [4, 13, 5, 16], "texture": "#0"},
				"south": {"uv": [7, 13, 8, 16], "texture": "#0"},
				"west": {"uv": [6, 13, 7, 16], "texture": "#0"},
				"up": {"uv": [6, 13, 5, 12], "texture": "#0"},
				"down": {"uv": [7, 12, 6, 13], "texture": "#0"}
			}
		},
		{
			"name": "Left Leg Layer",
			"from": [3.85, -3.54986, 3.38091],
			"to": [8.35, 8.95014, 7.88091],
			"rotation": {"angle": -45, "axis": "x", "origin": [8, 13.84619, 7.07538]},
			"faces": {
				"north": {"uv": [1, 13, 2, 16], "texture": "#0"},
				"east": {"uv": [0, 13, 1, 16], "texture": "#0"},
				"south": {"uv": [3, 13, 4, 16], "texture": "#0"},
				"west": {"uv": [2, 13, 3, 16], "texture": "#0"},
				"up": {"uv": [2, 13, 1, 12], "texture": "#0"},
				"down": {"uv": [3, 12, 2, 13], "texture": "#0"}
			}
		}
	],
	"display": {
		"head": {
			"translation": [0, -34.25, 0],
			"scale": [1.5, 1.5, 1.5]
		}
	},
	"groups": [
		{
			"name": "Head",
			"origin": [0, 24, 0],
			"rotation": [6, -5, 0],
			"color": 0,
			"children": [0, 1]
		},
		{
			"name": "Body",
			"origin": [0, 24, 0],
			"color": 0,
			"children": [2, 3]
		},
		{
			"name": "RightArm",
			"origin": [5, 22, 0],
			"rotation": [10, 0, 0],
			"color": 0,
			"children": [4, 5]
		},
		{
			"name": "LeftArm",
			"origin": [-5, 22, 0],
			"rotation": [-12, 0, 0],
			"color": 0,
			"children": [6, 7]
		},
		{
			"name": "RightLeg",
			"origin": [1.9, 12, 0],
			"rotation": [-11, 0, 2],
			"color": 0,
			"children": [8, 9]
		},
		{
			"name": "LeftLeg",
			"origin": [-1.9, 12, 0],
			"rotation": [10, 0, -2],
			"color": 0,
			"children": [10, 11]
		}
	]
}