{
  "ray_gun_fire": {
    "sounds": [
      {
        "name": "gun/shoot/ray_gun_fire",
        "stream": "true"
      }
    ]
  },
  "laser_shield": {
    "sounds": [
      {
        "name": "equipment/laser_shield",
        "stream": "true"
      }
    ]
  },
  "pistol_reload": {
    "sounds": [
      {
        "name": "gun/reload/pistol_reload",
        "stream": "true"
      }
    ]
  },
  "assault_rifle_reload": {
    "sounds": [
      {
        "name": "gun/reload/assault_rifle_reload",
        "stream": "true"
      }
    ]
  },
  "shotgun_reload": {
    "sounds": [
      {
        "name": "gun/reload/shotgun_reload",
        "stream": "true"
      }
    ]
  },
  "sniper_rifle_reload": {
    "sounds": [
      {
        "name": "gun/reload/sniper_rifle_reload",
        "stream": "true"
      }
    ]
  },
  "laser_cannon_reload": {
    "sounds": [
      {
        "name": "gun/reload/laser_cannon_reload",
        "stream": "true"
      }
    ]
  },
  "laser_pistol_reload": {
    "sounds": [
      {
        "name": "gun/reload/laser_pistol_reload",
        "stream": "true"
      }
    ]
  },
  "beep": {
    "sounds": [
      {
        "name": "equipment/beep",
        "stream": "true"
      }
    ]
  },
  "assault_rifle_fire": {
    "sounds": [
      {
        "name": "gun/shoot/assault_rifle_fire",
        "stream": "true"
      }
    ]
  },
  "laser_cannon_fire": {
    "sounds": [
      {
        "name": "gun/shoot/laser_cannon_fire",
        "stream": "true"
      }
    ]
  },
  "laser_pistol_fire": {
    "sounds": [
      {
        "name": "gun/shoot/laser_pistol_fire",
        "stream": "true"
      }
    ]
  },
  "pistol_fire": {
    "sounds": [
      {
        "name": "gun/shoot/pistol_fire",
        "stream": "true"
      }
    ]
  },
  "shotgun_fire": {
    "sounds": [
      {
        "name": "gun/shoot/shotgun_fire",
        "stream": "true"
      }
    ]
  },
  "sniper_rifle_fire": {
    "sounds": [
      {
        "name": "gun/shoot/sniper_rifle_fire",
        "stream": "true"
      }
    ]
  },
  "laser_rifle_fire": {
    "sounds": [
      {
        "name": "gun/shoot/laser_rifle_fire",
        "stream": "true"
      }
    ]
  },
  "shotgun_cocking": {
    "sounds": [
      {
        "name": "gun/reload/shotgun_cocking",
        "stream": "true"
      }
    ]
  },
  "bandage_use": {
    "sounds": [
      {
        "name": "medical/bandage_use",
        "stream": "true"
      }
    ]
  },
  "syringe_use": {
    "sounds": [
      {
        "name": "medical/syringe_use",
        "stream": "true"
      }
    ]
  },
  "turret_explode": {
    "sounds": [
      "turret/explode1",
      "turret/explode1",
      "turret/explode2"
    ]
  },
  "turret_lower": {
    "sounds": [
      "turret/lower1",
      "turret/lower2",
      "turret/lower3"
    ]
  },
  "turret_raise": {
    "sounds": [
      "turret/raise1",
      "turret/raise2",
      "turret/raise3"
    ]
  },
  "auto_shot": {
    "sounds": [
      "turret/auto_shot"
    ]
  },
  "sentry_shot": {
    "sounds": [
      "turret/sentry_shot"
    ]
  },
  "perdition_shot": {
    "sounds": [
      "turret/perdition_shot1",
      "turret/perdition_shot2",
      "turret/perdition_shot3",
      "turret/perdition_shot4"
    ]
  },
  "turret_destroy": {
    "sounds": [
      "turret/destroy"
    ]
  },
  "turret_place": {
    "sounds": [
      "turret/place"
    ]
  },
  "auto_setup": {
    "sounds": [
      "turret/auto_setup"
    ]
  },
  "perdition_setup": {
    "sounds": [
      "turret/perdition_setup"
    ]
  },
  "gbg_duck_quack": {
    "sounds": [
      "gbg_duck_quack"
    ]
  },
  "bazooka_fire": {
    "sounds": [
      "gun/shoot/bazooka_fire"
    ]
  },
  "flame_thrower_reload": {
    "sounds": [
      "gun/reload/flame_thrower_reload"
    ]
  },
  "minigun_fire": {
    "sounds": [
      "gun/shoot/minigun_fire"
    ]
  }
}