{
    "providers": [
        {
            "type": "bitmap",
            "file": "gbg:turret/auto.png",
            "ascent": 56,
            "height": 56,
            "chars": ["\u0030"],
            "character": "0" 
        },
        {
            "type": "bitmap",
            "file": "gbg:turret/sentry.png",
            "ascent": 56,
            "height": 56,
            "chars": ["\u0031"],
            "character": "1"
        },
        {
            "type": "bitmap",
            "file": "gbg:turret/perdition.png",
            "ascent": 56,
            "height": 56,
            "chars": ["\u0032"],
            "character": "2"
        }
    ]
}